station,feature_set,variant,seed,target_mode,lookback,n_features,epochs_run,best_train_loss,best_val_loss,val_R2,val_MSE,val_RMSE,val_MAE,test_R2,test_MSE,test_RMSE,test_MAE,persistence_test_R2,persistence_test_MSE,persistence_test_RMSE,persistence_test_MAE,lstm_units,dropout_rate,optimizer,learning_rate,activation,batch_size,max_epochs,patience,old_skripsi_R2,delta_vs_skripsi
bundaran_hi,calendar,no_smooth,123,residual,14,14,32,0.0089357635006308,0.0075921360403299,0.6646749349210489,109.12440607391989,10.44626278024442,7.475668996373813,0.7675076265645973,121.180177802152,11.008186853526423,7.695969455367648,0.7452472903713774,132.7827583856375,11.523140126963549,7.71840625117321,32,0.1,adam,0.001,tanh,4,100,15,0.7748,-0.0072923734354027
jagakarsa,calendar,kalman_slow,2024,residual,7,14,41,0.0093957260251045,0.0090538943186402,0.3795497300483794,154.69422632010117,12.437613369135622,8.564757050774888,0.6483849748549839,105.25269061325722,10.25927339596997,7.487487734376833,0.5620343940013672,131.10093463272807,11.449931643146524,8.263524480193087,32,0.1,adam,0.001,tanh,4,100,15,0.6329,0.0154849748549839
kelapa_gading,calendar,no_smooth,42,residual,30,14,44,0.0109243858605623,0.0118138892576098,0.628358030445594,127.16545223732788,11.27676603629462,8.41610798570536,0.7764873777629395,118.43087883735508,10.882595225283126,7.866030592061752,0.7396722834181365,137.93780392327184,11.744692585303024,8.037986318830884,32,0.1,adam,0.001,tanh,4,100,15,0.7774,-0.0009126222370604
us_embassy_2,calendar,no_smooth,2024,residual,60,14,81,0.0066559221595525,0.012458817102015,0.4004670300000691,169.5685279675437,13.021848101077808,8.568920491481723,0.6497312487660968,237.23992880405297,15.402594872425002,10.979040448596267,0.6406778105833403,243.371897534757,15.600381326581635,11.691232851839793,32,0.1,adam,0.001,tanh,4,100,15,0.6579,-0.0081687512339032
