station,feature_set,variant,seed,target_mode,lookback,n_features,epochs_run,best_train_loss,best_val_loss,val_R2,val_MSE,val_RMSE,val_MAE,test_R2,test_MSE,test_RMSE,test_MAE,persistence_test_R2,persistence_test_MSE,persistence_test_RMSE,persistence_test_MAE,lstm_units,dropout_rate,optimizer,learning_rate,activation,batch_size,max_epochs,patience,old_skripsi_R2,delta_vs_skripsi
bundaran_hi,calendar,no_smooth,123,residual,14,14,32,0.0089357635006308,0.0075921360403299,0.6646749349210489,109.12440607391989,10.44626278024442,7.475668996373813,0.7675076265645973,121.180177802152,11.008186853526423,7.695969455367648,0.7452472903713774,132.7827583856375,11.523140126963549,7.71840625117321,32,0.1,adam,0.001,tanh,4,100,15,0.7748,-0.0072923734354027
jagakarsa,calendar,no_smooth,42,residual,14,14,43,0.0098358495160937,0.0087140901014208,0.4210704918387992,148.88832772528403,12.201980483728208,8.335414198218205,0.6336792693965072,106.26468265730364,10.308476252933971,7.678273755275738,0.5459712764687137,131.70758352624,11.476392443892813,8.240762577692038,32,0.1,adam,0.001,tanh,4,100,15,0.6329,0.0007792693965071
kelapa_gading,calendar,kalman_slow,2024,residual,14,14,58,0.0110393669456243,0.0109183155000209,0.759841357120927,117.52541413538886,10.84091389760978,8.064045628451277,0.7282319813452448,138.91034449595583,11.786023268938331,8.723736035129491,0.7109019984717581,147.76831793588156,12.155999256987537,8.23181173561406,32,0.1,adam,0.001,tanh,4,100,15,0.7774,-0.0491680186547551
us_embassy_2,calendar,no_smooth,42,residual,14,14,69,0.0063211331143975,0.0105372769758105,0.5858931048487959,143.41572780276823,11.975630580590243,7.940740128635628,0.4660320163466557,339.439405770934,18.42388139809128,12.660956877445637,0.5591195994721863,280.264333728982,16.741097148304885,11.809938922737928,32,0.1,adam,0.001,tanh,4,100,15,0.6579,-0.1918679836533443
