station,feature_set,variant,seed,target_mode,lookback,n_features,epochs_run,best_train_loss,best_val_loss,val_R2,val_MSE,val_RMSE,val_MAE,test_R2,test_MSE,test_RMSE,test_MAE,persistence_test_R2,persistence_test_MSE,persistence_test_RMSE,persistence_test_MAE,lstm_units,dropout_rate,optimizer,learning_rate,activation,batch_size,max_epochs,patience,old_skripsi_R2,delta_vs_skripsi
bundaran_hi,calendar,no_smooth,42,residual,14,14,33,0.0076805553399026,0.0075090052559971,0.6683466516307627,107.92952401186804,10.388913514505164,7.851218946244982,0.7748205148480146,117.36853835206048,10.83367612364614,7.961489076332093,0.7452472903713774,132.7827583856375,11.523140126963549,7.71840625117321,64,0.0,adam,0.001,tanh,4,100,15,0.7748,2.0514848014574483e-05
kelapa_gading,calendar,no_smooth,42,residual,14,14,58,0.0124668702483177,0.0106489192694425,0.7657669697774767,114.6256222598261,10.70633561307631,7.90072903711892,0.7306236963258729,137.68785351434684,11.734046766326903,8.644213166017707,0.7109019984717581,147.76831793588156,12.155999256987537,8.23181173561406,32,0.0,adam,0.0005,tanh,4,100,15,0.7774,-0.0467763036741271
us_embassy_2,calendar,kalman_slow,42,residual,14,14,45,0.0068024843931198,0.0106820007786154,0.5802055438098224,145.38547454057422,12.05758991426455,7.905355153326703,0.5055684049818947,314.3064227541344,17.728689256516805,12.127107715403248,0.5591195994721863,280.264333728982,16.741097148304885,11.809938922737928,64,0.1,adam,0.001,tanh,4,100,15,0.6579,-0.1523315950181053
