station,feature_set,variant,seed,target_mode,lookback,n_features,epochs_run,best_train_loss,best_val_loss,val_R2,val_MSE,val_RMSE,val_MAE,test_R2,test_MSE,test_RMSE,test_MAE,persistence_test_R2,persistence_test_MSE,persistence_test_RMSE,persistence_test_MAE,lstm_units,dropout_rate,optimizer,learning_rate,activation,batch_size,max_epochs,patience,old_skripsi_R2,delta_vs_skripsi
bundaran_hi,calendar,no_smooth,42,residual,60,14,37,0.0089074047282338,0.0070582833141088,0.5550617739677584,101.45115480265832,10.072296401648352,7.428392096112173,0.7772479688701539,132.55280260601137,11.513157803400915,7.991413638857071,0.7558225401455025,145.30240856956996,12.054144870938376,7.63870644956906,32,0.1,adam,0.001,tanh,4,100,15,0.7748,0.0024479688701538
kelapa_gading,calendar,no_smooth,42,residual,75,14,47,0.0129115292802453,0.0083308657631278,0.5569251215219477,89.67395807561998,9.469633471028326,7.609394447187359,0.8129705985355682,117.49033598606766,10.839295917450896,7.451639094241222,0.8006160049231791,125.25139036107711,11.191576759379222,7.35765499912668,32,0.1,adam,0.0005,tanh,4,100,15,0.7774,0.0355705985355682
us_embassy_2,calendar,kalman_slow,42,residual,60,14,100,0.0077935284934937,0.0127514023333787,0.3863875327688421,173.55069365231424,13.173864036504789,8.999775981220486,0.7072113695239242,198.3081665266665,14.082193242768206,10.299256648697526,0.6406778105833403,243.371897534757,15.600381326581635,11.691232851839793,32,0.0,adam,0.001,tanh,8,100,15,0.6579,0.0493113695239241
